1001705at2759	WD40 repeat	BUSCO	https://v10-1.orthodb.org/?query=1001705at2759
1003258at2759	GPI mannosyltransferase 1	BUSCO	https://v10-1.orthodb.org/?query=1003258at2759
100698at2759	Helicase C-terminal	BUSCO	https://v10-1.orthodb.org/?query=100698at2759
1010730at2759	Winged helix-like DNA-binding domain superfamily	BUSCO	https://v10-1.orthodb.org/?query=1010730at2759
1014314at2759	WD40-repeat-containing domain	BUSCO	https://v10-1.orthodb.org/?query=1014314at2759
1018517at2759	Tetrapyrrole methylase	BUSCO	https://v10-1.orthodb.org/?query=1018517at2759
1019762at2759	Signal recognition particle subunit SRP68	BUSCO	https://v10-1.orthodb.org/?query=1019762at2759
1025450at2759	WD40 repeat	BUSCO	https://v10-1.orthodb.org/?query=1025450at2759
1030907at2759	Golgi to ER traffic protein 4	BUSCO	https://v10-1.orthodb.org/?query=1030907at2759
1032689at2759	tRNA (1-methyladenosine) methyltransferase catalytic subunit Gcd14	BUSCO	https://v10-1.orthodb.org/?query=1032689at2759
1038775at2759	Eukaryotic translation initiation factor 3 subunit F	BUSCO	https://v10-1.orthodb.org/?query=1038775at2759
1041560at2759	Mitochondrial import inner membrane translocase subunit TIM44	BUSCO	https://v10-1.orthodb.org/?query=1041560at2759
1049599at2759	WD40-repeat-containing domain	BUSCO	https://v10-1.orthodb.org/?query=1049599at2759
1051021at2759	ALG11 mannosyltransferase	BUSCO	https://v10-1.orthodb.org/?query=1051021at2759
1053181at2759	Checkpoint protein Hus1/Mec3	BUSCO	https://v10-1.orthodb.org/?query=1053181at2759
1057950at2759	MEMO1 family	BUSCO	https://v10-1.orthodb.org/?query=1057950at2759
1065019at2759	Diphosphomevalonate decarboxylase	BUSCO	https://v10-1.orthodb.org/?query=1065019at2759
1076134at2759	F-actin-capping protein subunit alpha/beta	BUSCO	https://v10-1.orthodb.org/?query=1076134at2759
1079130at2759	Glycosyl transferase family 4	BUSCO	https://v10-1.orthodb.org/?query=1079130at2759
1079827at2759	Ribosomal biogenesis NSA2 family	BUSCO	https://v10-1.orthodb.org/?query=1079827at2759
1085752at2759	Atg6/Beclin	BUSCO	https://v10-1.orthodb.org/?query=1085752at2759
1087488at2759	CTLH C-terminal LisH motif	BUSCO	https://v10-1.orthodb.org/?query=1087488at2759
1090038at2759	Lipoyltransferase/lipoate-protein ligase	BUSCO	https://v10-1.orthodb.org/?query=1090038at2759
1094121at2759	ESCRT-II complex Vps25 subunit	BUSCO	https://v10-1.orthodb.org/?query=1094121at2759
1096688at2759	GPN-loop GTPase	BUSCO	https://v10-1.orthodb.org/?query=1096688at2759
1106766at2759	Nuclear pore localisation protein NPL4 C-terminal	BUSCO	https://v10-1.orthodb.org/?query=1106766at2759
1107630at2759	Dolichyl-phosphate beta-glucosyltransferase	BUSCO	https://v10-1.orthodb.org/?query=1107630at2759
1108845at2759	COP9 signalosome complex subunit 2	BUSCO	https://v10-1.orthodb.org/?query=1108845at2759
1111142at2759	Transcription factor IIIC subunit 5 HTH domain	BUSCO	https://v10-1.orthodb.org/?query=1111142at2759
1112002at2759	WD40 repeat	BUSCO	https://v10-1.orthodb.org/?query=1112002at2759
1115196at2759	Ferrodoxin-fold anticodon-binding domain	BUSCO	https://v10-1.orthodb.org/?query=1115196at2759
1128607at2759	Electron transfer flavoprotein alpha subunit C-terminal	BUSCO	https://v10-1.orthodb.org/?query=1128607at2759
1129824at2759	Co-chaperone Hsc20	BUSCO	https://v10-1.orthodb.org/?query=1129824at2759
1138059at2759	Methyltransferase type 11	BUSCO	https://v10-1.orthodb.org/?query=1138059at2759
1157302at2759	Eukaryotic translation initiation factor 6	BUSCO	https://v10-1.orthodb.org/?query=1157302at2759
1161199at2759	Coatomer subunit epsilon	BUSCO	https://v10-1.orthodb.org/?query=1161199at2759
1173229at2759	WD40 repeat	BUSCO	https://v10-1.orthodb.org/?query=1173229at2759
1178688at2759	ATPase OSCP/delta subunit	BUSCO	https://v10-1.orthodb.org/?query=1178688at2759
1182451at2759	SNARE	BUSCO	https://v10-1.orthodb.org/?query=1182451at2759
1193442at2759	Bystin	BUSCO	https://v10-1.orthodb.org/?query=1193442at2759
1194691at2759	26S Proteasome non-ATPase regulatory subunit 6	BUSCO	https://v10-1.orthodb.org/?query=1194691at2759
1194797at2759	Eukaryotic translation initiation factor 3 subunit B	BUSCO	https://v10-1.orthodb.org/?query=1194797at2759
1197019at2759	HORMA domain	BUSCO	https://v10-1.orthodb.org/?query=1197019at2759
1200489at2759	Exosome complex component CSL4 C-terminal	BUSCO	https://v10-1.orthodb.org/?query=1200489at2759
1217666at2759	Ribosome maturation protein SBDS N-terminal	BUSCO	https://v10-1.orthodb.org/?query=1217666at2759
1220881at2759	TFIIH subunit Tfb4/GTF2H3	BUSCO	https://v10-1.orthodb.org/?query=1220881at2759
1222562at2759	Ribosome biogenesis protein	BUSCO	https://v10-1.orthodb.org/?query=1222562at2759
1223488at2759	OPI10 family	BUSCO	https://v10-1.orthodb.org/?query=1223488at2759
1228942at2759	Proteasome subunit beta	BUSCO	https://v10-1.orthodb.org/?query=1228942at2759
1233814at2759	Vacuolar protein sorting-associated protein 29	BUSCO	https://v10-1.orthodb.org/?query=1233814at2759
1236198at2759	G10 protein	BUSCO	https://v10-1.orthodb.org/?query=1236198at2759
1247641at2759	N-acetylglucosaminyl transferase component	BUSCO	https://v10-1.orthodb.org/?query=1247641at2759
1248958at2759	Exportin-2 central domain	BUSCO	https://v10-1.orthodb.org/?query=1248958at2759
1249159at2759	GINS complex subunit Psf1	BUSCO	https://v10-1.orthodb.org/?query=1249159at2759
1251252at2759	Mediator complex subunit Med6	BUSCO	https://v10-1.orthodb.org/?query=1251252at2759
1257440at2759	PUA domain	BUSCO	https://v10-1.orthodb.org/?query=1257440at2759
1258856at2759	Vps16 C-terminal	BUSCO	https://v10-1.orthodb.org/?query=1258856at2759
1259741at2759	GPI-anchor transamidase	BUSCO	https://v10-1.orthodb.org/?query=1259741at2759
1260807at2759	Protohaem IX farnesyltransferase	BUSCO	https://v10-1.orthodb.org/?query=1260807at2759
1264469at2759	Ubiquinone biosynthesis protein Coq4	BUSCO	https://v10-1.orthodb.org/?query=1264469at2759
1266231at2759	Ribosomal biogenesis methyltransferase EMG1/NEP1	BUSCO	https://v10-1.orthodb.org/?query=1266231at2759
1269244at2759	RWD domain	BUSCO	https://v10-1.orthodb.org/?query=1269244at2759
1269649at2759	K Homology domain	BUSCO	https://v10-1.orthodb.org/?query=1269649at2759
1275837at2759	26S Proteasome non-ATPase regulatory subunit 7/8	BUSCO	https://v10-1.orthodb.org/?query=1275837at2759
1284731at2759	K Homology domain type 1	BUSCO	https://v10-1.orthodb.org/?query=1284731at2759
1287094at2759	Snf7 family	BUSCO	https://v10-1.orthodb.org/?query=1287094at2759
1287401at2759	Cytochrome c oxidase assembly protein CtaG/Cox11	BUSCO	https://v10-1.orthodb.org/?query=1287401at2759
1291729at2759	GINS complex subunit Psf3	BUSCO	https://v10-1.orthodb.org/?query=1291729at2759
1304061at2759	RNA polymerase II subunit A	BUSCO	https://v10-1.orthodb.org/?query=1304061at2759
1309031at2759	CDC45 family	BUSCO	https://v10-1.orthodb.org/?query=1309031at2759
1312453at2759	WD40-repeat-containing domain	BUSCO	https://v10-1.orthodb.org/?query=1312453at2759
1314980at2759	Cleavage and polyadenylation specificity factor subunit 2	BUSCO	https://v10-1.orthodb.org/?query=1314980at2759
1322299at2759	U4/U6 small nuclear ribonucleoprotein Prp3	BUSCO	https://v10-1.orthodb.org/?query=1322299at2759
1322642at2759	Endonuclease III homolog	BUSCO	https://v10-1.orthodb.org/?query=1322642at2759
1323575at2759	GNAT domain	BUSCO	https://v10-1.orthodb.org/?query=1323575at2759
1324510at2759	NADPH	BUSCO	https://v10-1.orthodb.org/?query=1324510at2759
1338131at2759	PIN domain	BUSCO	https://v10-1.orthodb.org/?query=1338131at2759
1339553at2759	GPI transamidase subunit PIG-U	BUSCO	https://v10-1.orthodb.org/?query=1339553at2759
1342242at2759	Aminomethyltransferase folate-binding domain	BUSCO	https://v10-1.orthodb.org/?query=1342242at2759
1346165at2759	DNA primase small subunit	BUSCO	https://v10-1.orthodb.org/?query=1346165at2759
1346432at2759	U3 small nucleolar RNA-associated protein 11	BUSCO	https://v10-1.orthodb.org/?query=1346432at2759
1348942at2759	TAP46-like protein	BUSCO	https://v10-1.orthodb.org/?query=1348942at2759
1355894at2759	GNAT domain	BUSCO	https://v10-1.orthodb.org/?query=1355894at2759
1358374at2759	Zinc finger CCCH-type	BUSCO	https://v10-1.orthodb.org/?query=1358374at2759
1364586at2759	rRNA-processing protein Fcf1/Utp23	BUSCO	https://v10-1.orthodb.org/?query=1364586at2759
1370285at2759	Conserved oligomeric Golgi complex subunit 6	BUSCO	https://v10-1.orthodb.org/?query=1370285at2759
1370304at2759	-alpha-acetyltransferase 35 NatC auxiliary subunit	BUSCO	https://v10-1.orthodb.org/?query=1370304at2759
1377237at2759	TIP41-like protein	BUSCO	https://v10-1.orthodb.org/?query=1377237at2759
1379600at2759	Vps53-like N-terminal	BUSCO	https://v10-1.orthodb.org/?query=1379600at2759
1380409at2759	NFACT RNA-binding domain	BUSCO	https://v10-1.orthodb.org/?query=1380409at2759
1382842at2759	DNA replication complex GINS protein PSF2	BUSCO	https://v10-1.orthodb.org/?query=1382842at2759
1395649at2759	Signal peptidase complex subunit 2	BUSCO	https://v10-1.orthodb.org/?query=1395649at2759
1398309at2759	CXXC motif containing zinc binding protein eukaryotic	BUSCO	https://v10-1.orthodb.org/?query=1398309at2759
1404162at2759	Origin recognition complex subunit 2	BUSCO	https://v10-1.orthodb.org/?query=1404162at2759
1405073at2759	PUA domain	BUSCO	https://v10-1.orthodb.org/?query=1405073at2759
1405146at2759	26S Proteasome non-ATPase regulatory subunit 9	BUSCO	https://v10-1.orthodb.org/?query=1405146at2759
1407446at2759	SRP-independent targeting protein 2/TMEM208	BUSCO	https://v10-1.orthodb.org/?query=1407446at2759
1421503at2759	Nuclear cap-binding protein subunit 2	BUSCO	https://v10-1.orthodb.org/?query=1421503at2759
1423847at2759	RNA 3'-terminal phosphate cyclase domain	BUSCO	https://v10-1.orthodb.org/?query=1423847at2759
142542at2759	Transcription initiation factor TFIID subunit 2	BUSCO	https://v10-1.orthodb.org/?query=142542at2759
1426075at2759	Trafficking protein particle complex subunit 2	BUSCO	https://v10-1.orthodb.org/?query=1426075at2759
1428265at2759	Ubiquinol-cytochrome c chaperone CBP3	BUSCO	https://v10-1.orthodb.org/?query=1428265at2759
1428854at2759	RNA recognition motif domain	BUSCO	https://v10-1.orthodb.org/?query=1428854at2759
1430056at2759	RNA polymerase Rpb7-like  N-terminal	BUSCO	https://v10-1.orthodb.org/?query=1430056at2759
1432328at2759	Autophagy-related protein 3	BUSCO	https://v10-1.orthodb.org/?query=1432328at2759
1434266at2759	DNA replication complex GINS protein SLD5	BUSCO	https://v10-1.orthodb.org/?query=1434266at2759
1440961at2759	Rad1/Rec1/Rad17	BUSCO	https://v10-1.orthodb.org/?query=1440961at2759
1441854at2759	Deoxyhypusine hydroxylase	BUSCO	https://v10-1.orthodb.org/?query=1441854at2759
1442062at2759	Cytoplasmic tRNA 2-thiolation protein 2	BUSCO	https://v10-1.orthodb.org/?query=1442062at2759
1445102at2759	Glycosyltransferase 2-like	BUSCO	https://v10-1.orthodb.org/?query=1445102at2759
1450538at2759	Vta1 C-terminal	BUSCO	https://v10-1.orthodb.org/?query=1450538at2759
1454155at2759	Cdk-activating kinase assembly factor MAT1 centre	BUSCO	https://v10-1.orthodb.org/?query=1454155at2759
1455730at2759	SKI-interacting protein SKIP	BUSCO	https://v10-1.orthodb.org/?query=1455730at2759
1459797at2759	Prefoldin subunit 4	BUSCO	https://v10-1.orthodb.org/?query=1459797at2759
1474000at2759	Translocation protein Sec62	BUSCO	https://v10-1.orthodb.org/?query=1474000at2759
1479417at2759	SF3B4 RNA recognition motif 1	BUSCO	https://v10-1.orthodb.org/?query=1479417at2759
1488235at2759	Adenylate kinase isoenzyme 6	BUSCO	https://v10-1.orthodb.org/?query=1488235at2759
1488436at2759	DNA-directed RNA polymerase 14-18kDa subunit conserved site	BUSCO	https://v10-1.orthodb.org/?query=1488436at2759
1490022at2759	SUI1 domain	BUSCO	https://v10-1.orthodb.org/?query=1490022at2759
1504863at2759	Trafficking protein particle complex subunit	BUSCO	https://v10-1.orthodb.org/?query=1504863at2759
1513531at2759	Pre-mRNA-splicing factor Isy1	BUSCO	https://v10-1.orthodb.org/?query=1513531at2759
1525971at2759	Ubiquitin-like protein ATG12	BUSCO	https://v10-1.orthodb.org/?query=1525971at2759
1526152at2759	NADH dehydrogenase	BUSCO	https://v10-1.orthodb.org/?query=1526152at2759
1530008at2759	H/ACA ribonucleoprotein complex subunit	BUSCO	https://v10-1.orthodb.org/?query=1530008at2759
1538526at2759	Ribosomal protein L7Ae/L30e/S12e/Gadd45	BUSCO	https://v10-1.orthodb.org/?query=1538526at2759
1545004at2759	LSM domain eukaryotic/archaea-type	BUSCO	https://v10-1.orthodb.org/?query=1545004at2759
1552706at2759	Signal recognition particle SRP19 subunit	BUSCO	https://v10-1.orthodb.org/?query=1552706at2759
1558822at2759	LSM domain eukaryotic/archaea-type	BUSCO	https://v10-1.orthodb.org/?query=1558822at2759
156083at2759	Pre-mRNA-processing-splicing factor 8	BUSCO	https://v10-1.orthodb.org/?query=156083at2759
1563319at2759	NADH:ubiquinone oxidoreductase intermediate-associated protein 30	BUSCO	https://v10-1.orthodb.org/?query=1563319at2759
1567796at2759	Prefoldin	BUSCO	https://v10-1.orthodb.org/?query=1567796at2759
1575179at2759	COX assembly mitochondrial protein	BUSCO	https://v10-1.orthodb.org/?query=1575179at2759
1576404at2759	Pre-mRNA-splicing factor  Cwf15/Cwc15	BUSCO	https://v10-1.orthodb.org/?query=1576404at2759
1588798at2759	Anamorsin	BUSCO	https://v10-1.orthodb.org/?query=1588798at2759
1593937at2759	Ribosomal protein S23/S29 mitochondrial	BUSCO	https://v10-1.orthodb.org/?query=1593937at2759
160593at2759	Translational activator Gcn1	BUSCO	https://v10-1.orthodb.org/?query=160593at2759
1617752at2759	Transcription elongation factor SPT4	BUSCO	https://v10-1.orthodb.org/?query=1617752at2759
1620056at2759	Ribosomal protein/NADH dehydrogenase domain	BUSCO	https://v10-1.orthodb.org/?query=1620056at2759
1623701at2759	TMEM85/ER membrane protein complex subunit 4	BUSCO	https://v10-1.orthodb.org/?query=1623701at2759
1626636at2759	Zinc finger double-stranded RNA binding	BUSCO	https://v10-1.orthodb.org/?query=1626636at2759
1633672at2759	LSM domain eukaryotic/archaea-type	BUSCO	https://v10-1.orthodb.org/?query=1633672at2759
1645187at2759	PDCD5-like	BUSCO	https://v10-1.orthodb.org/?query=1645187at2759
166920at2759	Condensin complex subunit 1	BUSCO	https://v10-1.orthodb.org/?query=166920at2759
176625at2759	Nrap protein domain 3	BUSCO	https://v10-1.orthodb.org/?query=176625at2759
179362at2759	Rad50/SbcC-type AAA domain	BUSCO	https://v10-1.orthodb.org/?query=179362at2759
245208at2759	Splicing factor 3B subunit 1	BUSCO	https://v10-1.orthodb.org/?query=245208at2759
257318at2759	digestive organ expansion factor homolog	BUSCO	https://v10-1.orthodb.org/?query=257318at2759
261328at2759	WD40 repeat	BUSCO	https://v10-1.orthodb.org/?query=261328at2759
261419at2759	Ribosome control protein 1	BUSCO	https://v10-1.orthodb.org/?query=261419at2759
270107at2759	GPI ethanolamine phosphate transferase 1	BUSCO	https://v10-1.orthodb.org/?query=270107at2759
271586at2759	Tetratricopeptide repeat	BUSCO	https://v10-1.orthodb.org/?query=271586at2759
290630at2759	WD40 repeat	BUSCO	https://v10-1.orthodb.org/?query=290630at2759
293315at2759	DNA polymerase	BUSCO	https://v10-1.orthodb.org/?query=293315at2759
296129at2759	RNA cytidine acetyltransferase	BUSCO	https://v10-1.orthodb.org/?query=296129at2759
299766at2759	DNA polymerase Y-family little finger domain	BUSCO	https://v10-1.orthodb.org/?query=299766at2759
306227at2759	Vacuole morphology and inheritance protein 14	BUSCO	https://v10-1.orthodb.org/?query=306227at2759
320059at2759	Radical SAM	BUSCO	https://v10-1.orthodb.org/?query=320059at2759
324863at2759	RuvA domain 2-like	BUSCO	https://v10-1.orthodb.org/?query=324863at2759
325552at2759	WD40 repeat	BUSCO	https://v10-1.orthodb.org/?query=325552at2759
330169at2759	Mannosyltransferase	BUSCO	https://v10-1.orthodb.org/?query=330169at2759
331411at2759	Tetratricopeptide-like helical domain superfamily	BUSCO	https://v10-1.orthodb.org/?query=331411at2759
341721at2759	Nucleolar complex-associated protein 3	BUSCO	https://v10-1.orthodb.org/?query=341721at2759
345441at2759	Phosphoacetylglucosamine mutase	BUSCO	https://v10-1.orthodb.org/?query=345441at2759
355408at2759	Tetratricopeptide repeat-containing domain	BUSCO	https://v10-1.orthodb.org/?query=355408at2759
369837at2759	Translation initiation factor eIF-2B subunit epsilon	BUSCO	https://v10-1.orthodb.org/?query=369837at2759
375960at2759	DNA polymerase epsilon subunit	BUSCO	https://v10-1.orthodb.org/?query=375960at2759
383503at2759	Splicing factor 3A subunit 3	BUSCO	https://v10-1.orthodb.org/?query=383503at2759
388820at2759	WD40 repeat	BUSCO	https://v10-1.orthodb.org/?query=388820at2759
390348at2759	Pyridoxal phosphate-dependent transferase	BUSCO	https://v10-1.orthodb.org/?query=390348at2759
392369at2759	GMP synthase C-terminal	BUSCO	https://v10-1.orthodb.org/?query=392369at2759
39650at2759	DNA polymerase epsilon catalytic subunit	BUSCO	https://v10-1.orthodb.org/?query=39650at2759
396755at2759	Tetratricopeptide repeat	BUSCO	https://v10-1.orthodb.org/?query=396755at2759
418107at2759	WD40-repeat-containing domain	BUSCO	https://v10-1.orthodb.org/?query=418107at2759
426305at2759	Sda1	BUSCO	https://v10-1.orthodb.org/?query=426305at2759
450058at2759	Reduced growth phenotype protein 1	BUSCO	https://v10-1.orthodb.org/?query=450058at2759
453044at2759	Zinc finger ZPR1-type	BUSCO	https://v10-1.orthodb.org/?query=453044at2759
457861at2759	Autophagy protein 5	BUSCO	https://v10-1.orthodb.org/?query=457861at2759
464990at2759	Eukaryotic translation initiation factor 2A	BUSCO	https://v10-1.orthodb.org/?query=464990at2759
491869at2759	Protein arginine methyltransferase NDUFAF7	BUSCO	https://v10-1.orthodb.org/?query=491869at2759
513979at2759	DNA polymerase alpha subunit B	BUSCO	https://v10-1.orthodb.org/?query=513979at2759
543764at2759	tRNA (adenine(58)-N(1))-methyltransferase non-catalytic subunit TRM6	BUSCO	https://v10-1.orthodb.org/?query=543764at2759
549762at2759	Ubiquitin-like modifier-activating enzyme Atg7	BUSCO	https://v10-1.orthodb.org/?query=549762at2759
551907at2759	CCAAT-binding factor	BUSCO	https://v10-1.orthodb.org/?query=551907at2759
570797at2759	Winged helix-like DNA-binding domain superfamily	BUSCO	https://v10-1.orthodb.org/?query=570797at2759
582756at2759	RFT1	BUSCO	https://v10-1.orthodb.org/?query=582756at2759
598949at2759	AP-3 complex subunit delta	BUSCO	https://v10-1.orthodb.org/?query=598949at2759
604979at2759	WD40-repeat-containing domain	BUSCO	https://v10-1.orthodb.org/?query=604979at2759
621827at2759	WD40-repeat-containing domain	BUSCO	https://v10-1.orthodb.org/?query=621827at2759
625387at2759	TRAPP III complex Trs85	BUSCO	https://v10-1.orthodb.org/?query=625387at2759
655400at2759	Ubiquinone biosynthesis monooxygenase COQ6	BUSCO	https://v10-1.orthodb.org/?query=655400at2759
664730at2759	Pyridoxal phosphate-dependent transferase	BUSCO	https://v10-1.orthodb.org/?query=664730at2759
671536at2759	Tetratricopeptide repeat	BUSCO	https://v10-1.orthodb.org/?query=671536at2759
671846at2759	Nuclear pore protein 84/107	BUSCO	https://v10-1.orthodb.org/?query=671846at2759
673132at2759	Aminomethyltransferase	BUSCO	https://v10-1.orthodb.org/?query=673132at2759
674160at2759	Armadillo-type fold	BUSCO	https://v10-1.orthodb.org/?query=674160at2759
674169at2759	P-loop containing nucleoside triphosphate hydrolase	BUSCO	https://v10-1.orthodb.org/?query=674169at2759
679187at2759	Gamma-tubulin complex component	BUSCO	https://v10-1.orthodb.org/?query=679187at2759
679771at2759	Eukaryotic translation initiation factor 3 subunit M	BUSCO	https://v10-1.orthodb.org/?query=679771at2759
687505at2759	DnaJ domain	BUSCO	https://v10-1.orthodb.org/?query=687505at2759
692986at2759	Conserved oligomeric Golgi complex subunit 3	BUSCO	https://v10-1.orthodb.org/?query=692986at2759
708105at2759	Histone acetyltransferase type B catalytic subunit	BUSCO	https://v10-1.orthodb.org/?query=708105at2759
719531at2759	PIGA GPI anchor biosynthesis	BUSCO	https://v10-1.orthodb.org/?query=719531at2759
720340at2759	Cell division control protein 73 C-terminal	BUSCO	https://v10-1.orthodb.org/?query=720340at2759
721605at2759	NAD(P)-binding domain	BUSCO	https://v10-1.orthodb.org/?query=721605at2759
722805at2759	WD40/YVTN repeat-like-containing domain superfamily	BUSCO	https://v10-1.orthodb.org/?query=722805at2759
734341at2759	ATP12 ATP synthase F1-assembly protein	BUSCO	https://v10-1.orthodb.org/?query=734341at2759
734666at2759	60S ribosomal export protein NMD3	BUSCO	https://v10-1.orthodb.org/?query=734666at2759
736068at2759	DNA polymerase alpha/delta/epsilon subunit B	BUSCO	https://v10-1.orthodb.org/?query=736068at2759
751335at2759	ATPase V1 complex subunit H	BUSCO	https://v10-1.orthodb.org/?query=751335at2759
759498at2759	WD40-repeat-containing domain	BUSCO	https://v10-1.orthodb.org/?query=759498at2759
761109at2759	Tetratricopeptide repeat	BUSCO	https://v10-1.orthodb.org/?query=761109at2759
768809at2759	Zinc finger C2H2-type	BUSCO	https://v10-1.orthodb.org/?query=768809at2759
774318at2759	Dol-P-Man	BUSCO	https://v10-1.orthodb.org/?query=774318at2759
777920at2759	Pescadillo	BUSCO	https://v10-1.orthodb.org/?query=777920at2759
779909at2759	WD40 repeat	BUSCO	https://v10-1.orthodb.org/?query=779909at2759
801857at2759	tRNA-dihydrouridine synthase	BUSCO	https://v10-1.orthodb.org/?query=801857at2759
814241at2759	Clp1 N-terminal beta-sandwich domain	BUSCO	https://v10-1.orthodb.org/?query=814241at2759
817008at2759	Aminoacyl-tRNA synthetase class Ic	BUSCO	https://v10-1.orthodb.org/?query=817008at2759
834694at2759	Mre11 DNA-binding	BUSCO	https://v10-1.orthodb.org/?query=834694at2759
836599at2759	26S proteasome non-ATPase regulatory subunit 3	BUSCO	https://v10-1.orthodb.org/?query=836599at2759
83779at2759	Asparagine synthase	BUSCO	https://v10-1.orthodb.org/?query=83779at2759
844748at2759	Bacterial surface antigen (D15)	BUSCO	https://v10-1.orthodb.org/?query=844748at2759
855834at2759	RNA polymerase I specific transcription initiation factor RRN3	BUSCO	https://v10-1.orthodb.org/?query=855834at2759
858842at2759	DnaJ domain	BUSCO	https://v10-1.orthodb.org/?query=858842at2759
865202at2759	Initiation factor 2B-related	BUSCO	https://v10-1.orthodb.org/?query=865202at2759
866359at2759	Eukaryotic translation initiation factor 3 subunit I	BUSCO	https://v10-1.orthodb.org/?query=866359at2759
869548at2759	Winged helix-like DNA-binding domain superfamily	BUSCO	https://v10-1.orthodb.org/?query=869548at2759
878143at2759	CAAX prenyl protease 1	BUSCO	https://v10-1.orthodb.org/?query=878143at2759
87842at2759	Pep3/Vps18/deep orange	BUSCO	https://v10-1.orthodb.org/?query=87842at2759
887370at2759	GPI transamidase component PIG-T	BUSCO	https://v10-1.orthodb.org/?query=887370at2759
891751at2759	CCAAT-binding factor	BUSCO	https://v10-1.orthodb.org/?query=891751at2759
898782at2759	Aspartyl/glutamyl-tRNA(Asn/Gln) amidotransferase B subunit	BUSCO	https://v10-1.orthodb.org/?query=898782at2759
901894at2759	Mannosyltransferase	BUSCO	https://v10-1.orthodb.org/?query=901894at2759
905026at2759	Tetratricopeptide repeat	BUSCO	https://v10-1.orthodb.org/?query=905026at2759
911863at2759	Protein phosphatase methylesterase 1	BUSCO	https://v10-1.orthodb.org/?query=911863at2759
917326at2759	Sec1-like protein	BUSCO	https://v10-1.orthodb.org/?query=917326at2759
918816at2759	DNA methyltransferase 1-associated 1	BUSCO	https://v10-1.orthodb.org/?query=918816at2759
919955at2759	26S Proteasome non-ATPase regulatory subunit 13	BUSCO	https://v10-1.orthodb.org/?query=919955at2759
923657at2759	Surfeit locus 1/Shy1	BUSCO	https://v10-1.orthodb.org/?query=923657at2759
924753at2759	tRNA guanosine-2'-O-methyltransferase TRM11	BUSCO	https://v10-1.orthodb.org/?query=924753at2759
931188at2759	Zinc finger RING/FYVE/PHD-type	BUSCO	https://v10-1.orthodb.org/?query=931188at2759
937275at2759	tRNA (guanine-N(7)-)-methyltransferase non-catalytic subunit	BUSCO	https://v10-1.orthodb.org/?query=937275at2759
937686at2759	Winged helix-like DNA-binding domain superfamily	BUSCO	https://v10-1.orthodb.org/?query=937686at2759
939345at2759	Repressor of RNA polymerase III transcription MAF1	BUSCO	https://v10-1.orthodb.org/?query=939345at2759
944899at2759	KRR1 small subunit processome component	BUSCO	https://v10-1.orthodb.org/?query=944899at2759
946128at2759	TFIIH p62 subunit N-terminal	BUSCO	https://v10-1.orthodb.org/?query=946128at2759
956854at2759	Tetratricopeptide repeat	BUSCO	https://v10-1.orthodb.org/?query=956854at2759
97116at2759	WD40/YVTN repeat-like-containing domain superfamily	BUSCO	https://v10-1.orthodb.org/?query=97116at2759
973442at2759	Elongator complex protein 4	BUSCO	https://v10-1.orthodb.org/?query=973442at2759
974865at2759	Brix domain	BUSCO	https://v10-1.orthodb.org/?query=974865at2759
975158at2759	Dolichyl-diphosphooligosaccharide--protein glycosyltransferase 48kDa subunit	BUSCO	https://v10-1.orthodb.org/?query=975158at2759
975557at2759	cell division cycle 5-like protein	BUSCO	https://v10-1.orthodb.org/?query=975557at2759
976469at2759	Eukaryotic translation initiation factor 3 subunit H	BUSCO	https://v10-1.orthodb.org/?query=976469at2759
981902at2759	Winged helix-like DNA-binding domain superfamily	BUSCO	https://v10-1.orthodb.org/?query=981902at2759
996662at2759	Exoribonuclease phosphorolytic domain 1	BUSCO	https://v10-1.orthodb.org/?query=996662at2759
COG0013	alanyl-tRNA_synthetase	UNI56	DOI: 10.7554/eLife.26580
COG0016	phenylalanyl-tRNA_synthetase_alpha_subunit	UNI56	DOI: 10.7554/eLife.26580
COG0018	arginyl-tRNA_synthetase	UNI56	DOI: 10.7554/eLife.26580
COG0048	ribosomal_protein_S12	UNI56	DOI: 10.7554/eLife.26580
COG0049	ribosomal_protein_S7	UNI56	DOI: 10.7554/eLife.26580
COG0051	ribosomal_protein_S10	UNI56	DOI: 10.7554/eLife.26580
COG0052	ribosomal_protein_S2	UNI56	DOI: 10.7554/eLife.26580
COG0060	isoleucyl-tRNA_synthetase	UNI56	DOI: 10.7554/eLife.26580
COG0072	phenylalanyl-tRNA_synthetase_beta_subunit	UNI56	DOI: 10.7554/eLife.26580
COG0080	ribosomal_protein_L11	UNI56	DOI: 10.7554/eLife.26580
COG0081	ribosomal_protein_L1	UNI56	DOI: 10.7554/eLife.26580
COG0085	DNA-directed_RNA_polymerase_beta_subunit (RpoB)	UNI56	DOI: 10.7554/eLife.26580
COG0086	DNA-directed_RNA_polymerase_beta_prime_subunit (RpoC)	UNI56	DOI: 10.7554/eLife.26580
COG0087	ribosomal_protein_L3	UNI56	DOI: 10.7554/eLife.26580
COG0088	ribosomal_protein_L4	UNI56	DOI: 10.7554/eLife.26580
COG0089	ribosomal_protein_L23	UNI56	DOI: 10.7554/eLife.26580
COG0090	ribosomal_protein_L2	UNI56	DOI: 10.7554/eLife.26580
COG0091	ribosomal_protein_L22	UNI56	DOI: 10.7554/eLife.26580
COG0092	ribosomal_protein_S3	UNI56	DOI: 10.7554/eLife.26580
COG0093	ribosomal_protein_L14	UNI56	DOI: 10.7554/eLife.26580
COG0094	ribosomal_protein_L5	UNI56	DOI: 10.7554/eLife.26580
COG0096	ribosomal_protein_S8	UNI56	DOI: 10.7554/eLife.26580
COG0097	ribosomal_protein_L6P	UNI56	DOI: 10.7554/eLife.26580
COG0098	ribosomal_protein_S5	UNI56	DOI: 10.7554/eLife.26580
COG0099	ribosomal_protein_S13	UNI56	DOI: 10.7554/eLife.26580
COG0100	ribosomal_protein_S11	UNI56	DOI: 10.7554/eLife.26580
COG0102	ribosomal_protein_L13	UNI56	DOI: 10.7554/eLife.26580
COG0103	ribosomal_protein_S9	UNI56	DOI: 10.7554/eLife.26580
COG0127	Xanthosine_triphosphate_pyrophosphatase	UNI56	DOI: 10.7554/eLife.26580
COG0130	Pseudouridine_synthase	UNI56	DOI: 10.7554/eLife.26580
COG0164	ribonuclease_HII	UNI56	DOI: 10.7554/eLife.26580
COG0172	seryl-tRNA_synthetase	UNI56	DOI: 10.7554/eLife.26580
COG0184	ribosomal_protein_S15P	UNI56	DOI: 10.7554/eLife.26580
COG0185	ribosomal_protein_S19	UNI56	DOI: 10.7554/eLife.26580
COG0186	ribosomal_protein_S17	UNI56	DOI: 10.7554/eLife.26580
COG0193	peptidyl-tRNA_hydrolase	UNI56	DOI: 10.7554/eLife.26580
COG0197	ribosomal_protein_L16	UNI56	DOI: 10.7554/eLife.26580
COG0198	ribosomal_protein_L24	UNI56	DOI: 10.7554/eLife.26580
COG0200	ribosomal_protein_L15	UNI56	DOI: 10.7554/eLife.26580
COG0201	preprotein_translocase_subunit_SecY	UNI56	DOI: 10.7554/eLife.26580
COG0202	DNA-directed_RNA_polymerase_alpha_subunit (RpoA)	UNI56	DOI: 10.7554/eLife.26580
COG0216	protein_chain_release_factor_A	UNI56	DOI: 10.7554/eLife.26580
COG0233	ribosome_recycling_factor	UNI56	DOI: 10.7554/eLife.26580
COG0244	ribosomal_protein_L10	UNI56	DOI: 10.7554/eLife.26580
COG0255	ribosomal_protein_L29	UNI56	DOI: 10.7554/eLife.26580
COG0256	ribosomal_protein_L18	UNI56	DOI: 10.7554/eLife.26580
COG0343	queuine/archaeosine_tRNA-ribosyltransferase	UNI56	DOI: 10.7554/eLife.26580
COG0481	membrane_GTPase_LepA	UNI56	DOI: 10.7554/eLife.26580
COG0495	leucyl-tRNA_synthetase	UNI56	DOI: 10.7554/eLife.26580
COG0504	CTP_synthase	UNI56	DOI: 10.7554/eLife.26580
COG0519	GMP_synthase_PP-ATPase_domain	UNI56	DOI: 10.7554/eLife.26580
COG0532	translation_initiation_factor_2	UNI56	DOI: 10.7554/eLife.26580
COG0533	metal-dependent_proteases_with_possible_chaperone_activity	UNI56	DOI: 10.7554/eLife.26580
COG0541	signal_recognition_particle_GTPase	UNI56	DOI: 10.7554/eLife.26580
COG0691	tmRNA-binding_protein	UNI56	DOI: 10.7554/eLife.26580
COG0858	ribosome-binding_factor_A	UNI56	DOI: 10.7554/eLife.26580
mOG0000014	MCP (Mirusviricota)	MIRUS	doi: 10.1101/2024.01.18.576163
mOG0000019	Portal (Mirusviricota)	MIRUS	doi: 10.1101/2024.01.18.576163
mOG0000030	Triplex2 (Mirusviricota)	MIRUS	doi: 10.1101/2024.01.18.576163
mOG0000020	Triplex1 (Mirusviricota)	MIRUS	doi: 10.1101/2024.01.18.576163
mOG0000040	Maturation (Mirusviricota)	MIRUS	doi: 10.1101/2024.01.18.576163
HUH     	HUH     	MRYA	https://doi.org/10.1016/j.virol.2014.06.032
HUHlong	HUHlong	MRYA	https://doi.org/10.1016/j.virol.2014.06.032
VLTF2	Viral Late Transcription Factor VLTF2 like	MRYA	https://doi.org/10.1016/j.virol.2014.06.032
VLTF3	Viral Late Transcription Factor VLTF3 like	MRYA	https://doi.org/10.1016/j.virol.2014.06.032
ATPase	ATPase	MRYA	https://doi.org/10.1016/j.virol.2014.06.032
gamadvirusMCP	NCLDV major capsid protein (Gamadvirus)	MRYA	https://doi.org/10.1016/j.virol.2014.06.032
yaravirusMCP	NCLDV major capsid protein (Yaravirus)	MRYA	https://doi.org/10.1016/j.virol.2014.06.032
GVOGm0013	DEAD/SNF2-like helicase | DNA or RNA helicases of superfamily II | superfamily II helicase	GVOG	https://doi.org/10.1371/journal.pbio.3001430
GVOGm0022	DNA-directed RNA polymerase subunit beta	GVOG	https://doi.org/10.1371/journal.pbio.3001430
GVOGm0023	DNA-directed RNA polymerase subunit alpha	GVOG	https://doi.org/10.1371/journal.pbio.3001430
GVOGm0054	DNA polymerase elongation subunit family B	GVOG	https://doi.org/10.1371/journal.pbio.3001430
GVOGm0172	putative transcription initiation factor IIB | transcription initiation factor IIB	GVOG	https://doi.org/10.1371/journal.pbio.3001430
GVOGm0461	DNA topoisomerase II	GVOG	https://doi.org/10.1371/journal.pbio.3001430
GVOGm0760	packaging ATPase	GVOG	https://doi.org/10.1371/journal.pbio.3001430
GVOGm0890	Poxvirus Late Transcription Factor VLTF3 like	GVOG	https://doi.org/10.1371/journal.pbio.3001430
GVOGm0003	NCLDV major capsid protein	GVOG	https://doi.org/10.1371/journal.pbio.3001430
PoxMCP	NCLDV major capsid protein (Poxviruses)		
